Feature,Gain,Cover,Frequency
`Damaging Mutations ARID1A`,0.116841713051763,0.0862170813127636,0.0541840333440205
`Expression Public 25Q3 RAD52`,0.0478199381312977,0.0508702759880758,0.0394357165758256
`Damaging Mutations BRCA1`,0.0419039646480822,0.0401824351242565,0.0253286309714652
`Expression Public 25Q3 MAML3`,0.0286322155268252,0.0075968843157996,0.00609169605642834
`Expression Public 25Q3 PRDM5`,0.0231793755748421,0.00175841083620678,0.00160307790958641
`Expression Public 25Q3 CD40`,0.022852115946975,0.00495926806148943,0.00480923372875922
`Damaging Mutations BRCA2`,0.0204334311410828,0.0136963719038919,0.00865662071176659
`Expression Public 25Q3 PSEN1`,0.0196813691173458,0.00692374266756419,0.00641231163834562
`Expression Public 25Q3 KMT2C`,0.0176888427468341,0.00234912697649499,0.00256492465533825
`Expression Public 25Q3 COL4A2`,0.0164650139495796,0.00241781489978432,0.00160307790958641
`Expression Public 25Q3 MAML2`,0.0161930150244212,0.00421743848996469,0.00288554023725553
`Expression Public 25Q3 CREBBP`,0.0157638860673042,0.0192463561056695,0.018275088169285
`Expression Public 25Q3 FADD`,0.0145310013117443,0.006841317159617,0.00480923372875922
`Expression Public 25Q3 E2F3`,0.0142949290630013,0.00737708296127375,0.00641231163834562
`Expression Public 25Q3 RASA1`,0.0142890905595531,0.0026238786696523,0.00288554023725553
`Expression Public 25Q3 AGO2`,0.0140378570357268,0.00171719808223318,0.00160307790958641
`Expression Public 25Q3 BCL6`,0.013518941731048,0.00506916873875235,0.00416800256492466
`Expression Public 25Q3 TCF3`,0.0127074305584907,0.00232165180717926,0.00320615581917281
`Expression Public 25Q3 IRS1`,0.012223181106454,0.0011127443572871,0.000961846745751844
`Expression Public 25Q3 BTRC`,0.0121801111570922,0.00195073702141689,0.00160307790958641
`Expression Public 25Q3 ALK`,0.0111702896693844,0.00274751693157309,0.00288554023725553
`Expression Public 25Q3 TCF7L2`,0.0104972138081568,0.00250024040773151,0.00160307790958641
`Omics Absolute CN Gene Public 24Q4 PBRM1`,0.0104741988042416,0.00105779401865564,0.000641231163834562
`Expression Public 25Q3 FOXO3`,0.010274173559494,0.00152487189702307,0.00160307790958641
`Expression Public 25Q3 GSK3B`,0.00962689907040423,0.00177214842086464,0.00224430907342097
`Expression Public 25Q3 USP9X`,0.00962060960011262,0.000783042325498331,0.000641231163834562
`Omics Absolute CN Gene Public 24Q4 SUZ12`,0.0095588522544094,0.000563240970972484,0.000320615581917281
`Expression Public 25Q3 GNAS`,0.00906860734990708,0.00490431772285797,0.00545046489259378
`Expression Public 25Q3 HIF1A`,0.00857407250559514,0.00376409819625513,0.00384738698300737
`Expression Public 25Q3 SMARCE1`,0.00781067457749292,0.0037366230269394,0.00320615581917281
`Expression Public 25Q3 NTRK1`,0.0077613094030422,0.0026650914236259,0.00224430907342097
`Expression Public 25Q3 TFE3`,0.00759420526102628,0.00366793510365008,0.00480923372875922
`Expression Public 25Q3 CXCL8`,0.00749506056671883,0.000700616817551138,0.000641231163834562
`Expression Public 25Q3 RUNX2`,0.00741651490778504,0.00240407731512645,0.00192369349150369
`Damaging Mutations KMT2C`,0.00733994576014402,0.0034206585798085,0.00256492465533825
`Expression Public 25Q3 SDHC`,0.00729955336101949,0.00152487189702307,0.00192369349150369
`Expression Public 25Q3 RELA`,0.00723258844691811,0.00248650282307365,0.00192369349150369
`Expression Public 25Q3 MLH3`,0.00705617827449567,0.00122264503455003,0.000961846745751844
`Expression Public 25Q3 CTNNB1`,0.0070251201566008,0.000659404063577542,0.000641231163834562
`Expression Public 25Q3 BRAF`,0.00687261698167594,0.00289863036280961,0.00288554023725553
`Expression Public 25Q3 FANCD2`,0.00656460296548897,0.00173093566689105,0.00160307790958641
`Expression Public 25Q3 PIK3CA`,0.00651602515194233,0.000343439616446636,0.000320615581917281
`Omics Absolute CN Gene Public 24Q4 LIFR`,0.00638179031948237,0.00243155248444219,0.00192369349150369
`Expression Public 25Q3 CCNH`,0.00632357583626583,0.00438228950585908,0.00384738698300737
`Expression Public 25Q3 SPTA1`,0.00615065830264448,0.00189578668278543,0.00160307790958641
`Damaging Mutations CDKN2A`,0.0057421257650842,0.00686879232893273,0.0051298493106765
`Expression Public 25Q3 XRCC5`,0.00540864310867627,0.00142870880441801,0.00160307790958641
`Expression Public 25Q3 SOX2`,0.00530151807999614,0.00203316252936409,0.00160307790958641
`Expression Public 25Q3 BRCA1`,0.00525316941201494,0.0116632093745278,0.0105803142032703
`Expression Public 25Q3 BIRC3`,0.00512709802111465,0.00217053837594274,0.00320615581917281
`Expression Public 25Q3 UBE2A`,0.00503490459878896,0.00129133295783935,0.00160307790958641
`Expression Public 25Q3 MET`,0.00494704506199777,0.00159355982031239,0.00224430907342097
`Expression Public 25Q3 PIK3C2A`,0.00490546560513812,0.00256892833102084,0.00577108047451106
`Expression Public 25Q3 FOSL2`,0.00474476341354297,0.00141497121976014,0.00128246232766912
`Expression Public 25Q3 AKT3`,0.00472914960212613,0.000522028216998887,0.000961846745751844
`Expression Public 25Q3 RASSF1`,0.00472321954508442,0.00291236794746748,0.00352677140109009
`Expression Public 25Q3 ANK1`,0.00469018073058964,0.00482189221491078,0.00673292722026291
`Expression Public 25Q3 PRKCD`,0.00455069699982359,0.00357177201104502,0.00256492465533825
`Expression Public 25Q3 EPO`,0.00433621413475416,0.00120890744989216,0.00128246232766912
`Expression Public 25Q3 PRKCI`,0.00431958643268476,0.0029810558707568,0.00288554023725553
`Expression Public 25Q3 GATA1`,0.00409974402025195,0.00156608465099666,0.00160307790958641
`Omics Absolute CN Gene Public 24Q4 RELA`,0.0040009286572994,0.000357177201104502,0.000320615581917281
`Expression Public 25Q3 TGFB1`,0.00399223498964253,0.00486310496888437,0.00352677140109009
`Omics Absolute CN Gene Public 24Q4 CDK9`,0.00398683463553463,0.000535765801656753,0.000320615581917281
`Omics Absolute CN Gene Public 24Q4 NOTCH1`,0.00396961758990479,0.00127759537318149,0.000961846745751844
`Expression Public 25Q3 RASGRF1`,0.00394773811213064,0.00397016196612312,0.00384738698300737
`Expression Public 25Q3 KMT2E`,0.00389986604599902,0.00732213262264229,0.0118627765309394
`Omics Absolute CN Gene Public 24Q4 ERBB4`,0.00380895254291043,0.000494553047683156,0.000641231163834562
`Omics Absolute CN Gene Public 24Q4 ATR`,0.0037341459327351,0.000508290632341022,0.000320615581917281
`Omics Absolute CN Gene Public 24Q4 FGFR1`,0.00362343383426172,0.000865467833445524,0.000641231163834562
`Expression Public 25Q3 CRK`,0.00352177507827682,0.00401137472009671,0.00352677140109009
`Expression Public 25Q3 BCR`,0.00322840571332409,0.00184083634415397,0.00128246232766912
`Expression Public 25Q3 ERBB2`,0.00315947972124998,0.00156608465099666,0.00128246232766912
`Expression Public 25Q3 PRDM6`,0.00314966099071987,0.00439602709051695,0.00480923372875922
`Expression Public 25Q3 MSH3`,0.00309454546585238,0.00171719808223318,0.00160307790958641
`Expression Public 25Q3 GPATCH2L`,0.00306340573446846,0.00204690011402195,0.00224430907342097
`Omics Absolute CN Gene Public 24Q4 NFKB2`,0.00299500944532815,0.0011127443572871,0.000641231163834562
`Expression Public 25Q3 KEAP1`,0.00296859597202229,0.00201942494470622,0.00256492465533825
`Expression Public 25Q3 ETV5`,0.00288000819179025,0.00171719808223318,0.00160307790958641
`Expression Public 25Q3 APC2`,0.00281797513897975,0.00212932562196915,0.00192369349150369
`Expression Public 25Q3 ETV7`,0.00273170340308151,0.0041762257359911,0.00673292722026291
`Omics Absolute CN Gene Public 24Q4 ANGPT1`,0.00272299247103272,0.000934155756734851,0.000641231163834562
`Omics Absolute CN Gene Public 24Q4 PRDM5`,0.00271105466718567,0.000522028216998887,0.000320615581917281
`Expression Public 25Q3 HGFAC`,0.00264140357065106,0.00200568736004836,0.00224430907342097
`Expression Public 25Q3 ATF1`,0.0025154336734487,0.00280246727020455,0.00224430907342097
`Expression Public 25Q3 PDGFRB`,0.00249307497800801,0.000892943002761255,0.000641231163834562
`Expression Public 25Q3 ANKRD11`,0.00239223288007711,0.00255519074636297,0.00192369349150369
`Omics Absolute CN Gene Public 24Q4 KRAS`,0.00235072431185699,0.000879205418103389,0.000641231163834562
`Damaging Mutations HNF1A`,0.0023497792171904,0.00318711964062479,0.00256492465533825
`Expression Public 25Q3 ANGPTL4`,0.0023297985609454,0.000673141648235407,0.000961846745751844
`Omics Absolute CN Gene Public 24Q4 BAP1`,0.00232725807951668,0.000412127539735964,0.000320615581917281
`Expression Public 25Q3 SOCS1`,0.00231015168294412,0.00501421840012089,0.00352677140109009
`Expression Public 25Q3 TNFRSF1B`,0.00226243159577771,0.00780294808566758,0.00737415838409747
`Expression Public 25Q3 IGF2`,0.00226148650111111,0.00182709875949611,0.00160307790958641
`Omics Absolute CN Gene Public 24Q4 EPO`,0.00225616645258379,0.000357177201104502,0.000320615581917281
`Omics Absolute CN Gene Public 24Q4 RAC1`,0.00221640734274458,0.00179962359018037,0.00160307790958641
`Expression Public 25Q3 GATA2`,0.00207542134830007,0.00403884988941244,0.00320615581917281
`Expression Public 25Q3 XRCC4`,0.00204812634467967,0.00118143228057643,0.000961846745751844
`Expression Public 25Q3 MGA`,0.00204518080399514,0.00156608465099666,0.00128246232766912
`Omics Absolute CN Gene Public 24Q4 KDM5A`,0.00201823645063784,0.000659404063577542,0.000641231163834562
`Expression Public 25Q3 APP`,0.0020030826306329,0.00148365914304947,0.00160307790958641
`Expression Public 25Q3 BCL2`,0.00195333410820711,0.000879205418103389,0.000961846745751844
`Expression Public 25Q3 GRB2`,0.0019473370862513,0.000590716140288215,0.000641231163834562
`Expression Public 25Q3 VEGFB`,0.00192273075009024,0.00336570824117704,0.00320615581917281
`Expression Public 25Q3 RAC2`,0.00189831131405076,0.000879205418103389,0.000961846745751844
`Expression Public 25Q3 CCNE2`,0.00184421791965926,0.00506916873875235,0.00384738698300737
`Expression Public 25Q3 PRKCZ`,0.00183419777122344,0.0022667014685478,0.00224430907342097
`Expression Public 25Q3 MRE11`,0.00180845486259453,0.00464330361435852,0.00609169605642834
`Expression Public 25Q3 FANCM`,0.00166603840864704,0.000769304740840465,0.000961846745751844
`Omics Absolute CN Gene Public 24Q4 FBXW7`,0.00162931312331465,0.00107153160331351,0.000641231163834562
`Expression Public 25Q3 XRCC2`,0.00155297769891875,0.00107153160331351,0.00128246232766912
`Expression Public 25Q3 MAF`,0.00151874162500272,0.00114021952660283,0.00128246232766912
`Expression Public 25Q3 BTK`,0.00150417636381312,0.00247276523841578,0.00641231163834562
`Expression Public 25Q3 RALA`,0.00148992735489364,0.00647040237385463,0.00865662071176659
`Expression Public 25Q3 CDC42`,0.00148456009087024,0.00300853104007253,0.00320615581917281
`Omics Absolute CN Gene Public 24Q4 XRCC2`,0.0013585620736356,0.000467077878367426,0.000320615581917281
`Omics Absolute CN Gene Public 24Q4 FADD`,0.00135709172292402,0.00137375846578655,0.00160307790958641
`Omics Absolute CN Gene Public 24Q4 AKT2`,0.00135645333279564,0.000274751693157309,0.000320615581917281
`Expression Public 25Q3 BCORL1`,0.00129391581968497,0.00388773645817592,0.00416800256492466
`Expression Public 25Q3 RUNX3`,0.00126972422130246,0.00225296388388993,0.00448861814684194
`Expression Public 25Q3 IL6R`,0.00126718478620052,0.000961630926050582,0.000641231163834562
`Expression Public 25Q3 ATF2`,0.00126183674843176,0.000879205418103389,0.000961846745751844
`Expression Public 25Q3 RAD50`,0.00126100413389432,0.00276125451623096,0.00256492465533825
`Expression Public 25Q3 KDM5B`,0.00124967228404538,0.00152487189702307,0.00192369349150369
`Expression Public 25Q3 ACVR2A`,0.0012294038879351,0.00228043905320567,0.00160307790958641
`Expression Public 25Q3 FGFR1`,0.00121414582762442,0.000961630926050582,0.00128246232766912
`Expression Public 25Q3 TEAD3`,0.00120102829032972,0.00215680079128488,0.0051298493106765
`Expression Public 25Q3 GNA12`,0.00118175822076111,0.000975368510708447,0.00128246232766912
`Expression Public 25Q3 POLQ`,0.00115164258171589,0.00164851015894385,0.00256492465533825
`Expression Public 25Q3 MAPK9`,0.00113224839163266,0.00133254571181295,0.00288554023725553
`Expression Public 25Q3 FOXO1`,0.00111629046949512,0.0034206585798085,0.00320615581917281
`Expression Public 25Q3 FYN`,0.00111311107477463,0.00539887077054112,0.00673292722026291
`Expression Public 25Q3 E2F2`,0.00109847531731804,0.00313216930199332,0.00448861814684194
`Omics Absolute CN Gene Public 24Q4 ETV6`,0.0010808851907947,0.00060445372494608,0.000320615581917281
`Omics Absolute CN Gene Public 24Q4 USP22`,0.00108029931319173,0.00045334029370956,0.000641231163834562
`Expression Public 25Q3 ETV1`,0.00105065798715625,0.00416248815133323,0.00929785187560115
`Expression Public 25Q3 RAD51B`,0.00103176714565099,0.00193699943675903,0.00192369349150369
`Expression Public 25Q3 EIF4G1`,0.0010138781620403,0.00127759537318149,0.00128246232766912
`Expression Public 25Q3 EIF4A1`,0.00100063715818523,0.000989106095366313,0.00128246232766912
`Expression Public 25Q3 MAP3K7`,0.000987271837629276,0.00126385778852362,0.00128246232766912
`Expression Public 25Q3 PRDM2`,0.000971798299396757,0.000947893341392716,0.00128246232766912
`Expression Public 25Q3 PIK3R3`,0.000950406998462225,0.00138749605044441,0.00192369349150369
`Expression Public 25Q3 HNF1A`,0.000948053744132207,0.00243155248444219,0.00288554023725553
`Expression Public 25Q3 PTPN13`,0.000920585115661278,0.00112648194194497,0.00128246232766912
`Expression Public 25Q3 MAFB`,0.000901909621287015,0.000384652370420233,0.000320615581917281
`Expression Public 25Q3 EPAS1`,0.000883480667660957,0.00273377934691523,0.00256492465533825
`Expression Public 25Q3 SOCS3`,0.000868751590934425,0.00188204909812757,0.00224430907342097
`Damaging Mutations TP53`,0.000865014307852414,0.000920418172076985,0.000961846745751844
`Expression Public 25Q3 XRCC6`,0.000864785685450364,0.000892943002761255,0.000961846745751844
`Omics Absolute CN Gene Public 24Q4 MRE11`,0.000832464651128618,0.000412127539735964,0.000320615581917281
`Omics Absolute CN Gene Public 24Q4 RHOA`,0.000828542822160284,0.000934155756734851,0.00160307790958641
`Omics Absolute CN Gene Public 24Q4 ANK1`,0.000800991599268935,0.000590716140288215,0.000320615581917281
`Expression Public 25Q3 GPATCH1`,0.000800890824920663,0.00285741760883601,0.00352677140109009
`Expression Public 25Q3 NBN`,0.000778510483594656,0.0022254887145742,0.00192369349150369
`Omics Absolute CN Gene Public 24Q4 WT1`,0.000776422276917815,0.00196447460607476,0.00160307790958641
`Expression Public 25Q3 BRCA2`,0.000760296877099591,0.00116769469591856,0.000961846745751844
`Expression Public 25Q3 RAC1`,0.000754066916643749,0.000522028216998887,0.000320615581917281
`Expression Public 25Q3 IL10RA`,0.00073894324392924,0.000659404063577542,0.000641231163834562
`Expression Public 25Q3 BMPR1B`,0.000735290320944094,0.00425865124393829,0.00384738698300737
`Expression Public 25Q3 PPP2R1A`,0.000722531150572519,0.00200568736004836,0.00224430907342097
`Expression Public 25Q3 SHC1`,0.00071437791069898,0.00163477257428599,0.00160307790958641
`Expression Public 25Q3 POLD1`,0.000714057603912585,0.00251397799238938,0.00256492465533825
`Expression Public 25Q3 RHOC`,0.000703744157000461,0.00208811286799555,0.00224430907342097
`Omics Absolute CN Gene Public 24Q4 RPTOR`,0.000703134213881492,0.000659404063577542,0.000641231163834562
`Omics Absolute CN Gene Public 24Q4 PIK3C2G`,0.000694787141971433,0.00103031884933991,0.000961846745751844
`Expression Public 25Q3 ELF4`,0.000693826156216824,0.00228043905320567,0.00288554023725553
`Expression Public 25Q3 SMARCA4`,0.000684785304254322,0.000741829571524735,0.000961846745751844
`Omics Absolute CN Gene Public 24Q4 PTPRD`,0.000669795430577168,0.000920418172076985,0.000641231163834562
`Omics Absolute CN Gene Public 24Q4 NTRK2`,0.00066436767578664,0.000439602709051695,0.000320615581917281
`Omics Absolute CN Gene Public 24Q4 GATA2`,0.000622281142809855,0.000247276523841578,0.000320615581917281
`Expression Public 25Q3 RPS15`,0.000616703632498534,0.00212932562196915,0.00224430907342097
`Expression Public 25Q3 UBE2B`,0.000611879542866277,0.000480815463025291,0.000320615581917281
`Omics Absolute CN Gene Public 24Q4 CCNE2`,0.000610289649319761,0.000920418172076985,0.000641231163834562
`Expression Public 25Q3 GNA11`,0.000575801279858221,0.00118143228057643,0.00160307790958641
`Expression Public 25Q3 EWSR1`,0.000572413731503372,0.000686879232893273,0.000961846745751844
`Expression Public 25Q3 ETV4`,0.000543368648245543,0.00118143228057643,0.00128246232766912
`Expression Public 25Q3 PIK3C2G`,0.000542095432039394,0.00225296388388993,0.00192369349150369
`Expression Public 25Q3 MAP3K1`,0.000538950794986722,0.00206063769867982,0.00160307790958641
`Expression Public 25Q3 USP28`,0.000537742876111364,0.00108526918797137,0.00256492465533825
`Expression Public 25Q3 VEGFC`,0.000532033626718541,0.00212932562196915,0.00224430907342097
`Expression Public 25Q3 JAK3`,0.000520917025907456,0.00255519074636297,0.00352677140109009
`Expression Public 25Q3 TNFAIP3`,0.000520887401780417,0.000686879232893273,0.000961846745751844
`Omics Absolute CN Gene Public 24Q4 RHEB`,0.000518029719847937,0.00178588600552251,0.00320615581917281
`Omics Absolute CN Gene Public 24Q4 AKT3`,0.000511989406121484,0.00045334029370956,0.000641231163834562
`Expression Public 25Q3 DNMT3A`,0.000502860858895495,0.00100284368002418,0.00128246232766912
`Expression Public 25Q3 PPP2R1B`,0.000498601033678594,0.000714354402209004,0.000961846745751844
`Omics Absolute CN Gene Public 24Q4 RASGRF1`,0.000498597208046294,0.000206063769867982,0.000320615581917281
`Expression Public 25Q3 RPL10`,0.000497819525664952,0.00104405643399777,0.00128246232766912
`Omics Absolute CN Gene Public 24Q4 IRS1`,0.000494869309207616,0.00122264503455003,0.000961846745751844
`Expression Public 25Q3 MDH2`,0.000493548746714543,0.00166224774360172,0.00192369349150369
`Expression Public 25Q3 CASP3`,0.000489304289422265,0.000865467833445524,0.000641231163834562
`Omics Absolute CN Gene Public 24Q4 EED`,0.000463517533161605,0.000206063769867982,0.000320615581917281
`Expression Public 25Q3 PLCG1`,0.000445671547042146,0.00107153160331351,0.000961846745751844
`Expression Public 25Q3 MAP2K1`,0.000425919709385467,0.000961630926050582,0.00128246232766912
`Expression Public 25Q3 HGF`,0.000417208057987014,0.00204690011402195,0.00352677140109009
`Expression Public 25Q3 EED`,0.000410274311978868,0.00299479345541467,0.00288554023725553
`Omics Absolute CN Gene Public 24Q4 DROSHA`,0.000409414787224481,0.00174467325154891,0.00128246232766912
`Expression Public 25Q3 PTPRS`,0.000400181084156818,0.00256892833102084,0.00256492465533825
`Expression Public 25Q3 RAD51D`,0.000388742966743995,0.000494553047683156,0.000641231163834562
`Expression Public 25Q3 MAP3K4`,0.000369066791592799,0.000425865124393829,0.000641231163834562
`Expression Public 25Q3 CASP9`,0.000368775749258612,0.00236286456115286,0.00224430907342097
`Expression Public 25Q3 EZH2`,0.000356003924872506,0.00133254571181295,0.00192369349150369
`Expression Public 25Q3 INSR`,0.000353548163215483,0.00112648194194497,0.00128246232766912
`Expression Public 25Q3 ATF4`,0.000330427414899773,0.00188204909812757,0.00224430907342097
`Expression Public 25Q3 CRTC3`,0.000313997239708336,0.000343439616446636,0.000320615581917281
`Expression Public 25Q3 THPO`,0.000312954902046362,0.00119516986523429,0.00192369349150369
`Expression Public 25Q3 MAPK8`,0.000311621391259352,0.000288489277815175,0.000320615581917281
`Expression Public 25Q3 KDM2B`,0.000300796584829829,0.00142870880441801,0.00160307790958641
`Expression Public 25Q3 SMAD3`,0.00028798771393607,0.000961630926050582,0.000961846745751844
`Expression Public 25Q3 SUCLG2`,0.00028408010847244,0.0022667014685478,0.00256492465533825
`Expression Public 25Q3 RAD51C`,0.000280488918767481,0.00134628329647081,0.00128246232766912
`Expression Public 25Q3 TEAD2`,0.000277930061224636,0.00372288544228154,0.00448861814684194
`Expression Public 25Q3 IDH1`,0.000277793711765748,0.00159355982031239,0.000961846745751844
`Expression Public 25Q3 RPS20`,0.000271900521394275,0.00285741760883601,0.00545046489259378
`Expression Public 25Q3 PPP2CB`,0.000271482252262837,0.00136002088112868,0.00192369349150369
`Expression Public 25Q3 CDK6`,0.000268002627151098,0.00114021952660283,0.000961846745751844
`Expression Public 25Q3 SOCS2`,0.00026699728695021,0.00291236794746748,0.00256492465533825
`Expression Public 25Q3 RHOA`,0.000266518804982191,0.00208811286799555,0.00352677140109009
`Expression Public 25Q3 KDR`,0.000263193741954904,0.00112648194194497,0.00128246232766912
`Omics Absolute CN Gene Public 24Q4 GSK3B`,0.000262100935374514,0.000206063769867982,0.000320615581917281
`Omics Absolute CN Gene Public 24Q4 CDK7`,0.000256031798614964,0.000741829571524735,0.000641231163834562
`Expression Public 25Q3 STAT3`,0.000249784263138942,0.000439602709051695,0.000320615581917281
`Expression Public 25Q3 TBL1X`,0.000242878620814228,0.00201942494470622,0.00288554023725553
`Expression Public 25Q3 FANCA`,0.000242170780745641,0.00129133295783935,0.00128246232766912
`Expression Public 25Q3 KDM5A`,0.000239915668598082,0.000975368510708447,0.00160307790958641
`Expression Public 25Q3 ROS1`,0.000238033604646315,0.0015111343123652,0.00224430907342097
`Expression Public 25Q3 JAK2`,0.00023690366981399,0.00152487189702307,0.00192369349150369
`Omics Absolute CN Gene Public 24Q4 APC`,0.000235561984598989,0.000535765801656753,0.000641231163834562
`Expression Public 25Q3 UBE2C`,0.000234803136099739,0.000796779910156196,0.000961846745751844
`Expression Public 25Q3 FANCE`,0.000231748286964118,0.000851730248787658,0.000961846745751844
`Expression Public 25Q3 SF3B1`,0.000218642128473186,0.00137375846578655,0.00128246232766912
`Expression Public 25Q3 MXI1`,0.000212287360850779,0.00366793510365008,0.00352677140109009
`Omics Absolute CN Gene Public 24Q4 CCNE1`,0.000202850981015509,0.000247276523841578,0.000320615581917281
`Omics Absolute CN Gene Public 24Q4 MYC`,0.000202242541991291,0.000343439616446636,0.000641231163834562
`Expression Public 25Q3 HSP90AB1`,0.00020011503266467,0.000480815463025291,0.000641231163834562
`Expression Public 25Q3 PIK3R2`,0.000186615765931655,0.00105779401865564,0.00128246232766912
`Expression Public 25Q3 SOS2`,0.000184284320975517,0.00267882900828376,0.00288554023725553
`Expression Public 25Q3 FANCL`,0.000182530987915751,0.0030222686247304,0.00352677140109009
`Expression Public 25Q3 PSEN2`,0.000177430390082274,0.0014699215583916,0.000961846745751844
`Omics Absolute CN Gene Public 24Q4 VEGFB`,0.000173211780331303,0.000384652370420233,0.000320615581917281
`Expression Public 25Q3 STK11`,0.000173033577801101,0.000659404063577542,0.000961846745751844
`Omics Absolute CN Gene Public 24Q4 MSH2`,0.000168031122150083,0.000563240970972484,0.000641231163834562
`Expression Public 25Q3 RAD51`,0.000167570771063348,0.00344813374912423,0.00480923372875922
`Expression Public 25Q3 SDHA`,0.000163542478344861,0.00126385778852362,0.00224430907342097
`Expression Public 25Q3 FGFRL1`,0.000154680499215655,0.000865467833445524,0.00128246232766912
`Expression Public 25Q3 MYC`,0.000150514827060353,0.000329702031788771,0.000641231163834562
`Omics Absolute CN Gene Public 24Q4 MYCL`,0.000146879037676276,0.000178588600552251,0.000320615581917281
`Expression Public 25Q3 LCK`,0.000138320182685829,0.000233538939183713,0.000320615581917281
`Expression Public 25Q3 PTEN`,0.000133990817610009,0.00218427596060061,0.00192369349150369
`Expression Public 25Q3 DDX3X`,0.000128332609345561,0.00103031884933991,0.00128246232766912
`Omics Absolute CN Gene Public 24Q4 APP`,0.000126646649921296,0.00045334029370956,0.000641231163834562
`Expression Public 25Q3 VEGFA`,0.000122557163434869,0.0022254887145742,0.00224430907342097
`Expression Public 25Q3 HNF4A`,0.000118644890372856,0.00250024040773151,0.00224430907342097
`Omics Absolute CN Gene Public 24Q4 AGO2`,0.000116132161127164,0.0011539571112607,0.00128246232766912
`Expression Public 25Q3 ACVR1`,0.00011319023353981,0.00184083634415397,0.00192369349150369
`Expression Public 25Q3 TSC2`,0.000110419936242553,0.00104405643399777,0.00128246232766912
`Expression Public 25Q3 RALB`,0.000108514795880567,0.000384652370420233,0.000320615581917281
`Expression Public 25Q3 PRDM1`,0.000108017896926285,0.00281620485486242,0.00352677140109009
`Expression Public 25Q3 HLA-A`,0.000106900150166094,0.00090668058741912,0.000961846745751844
`Expression Public 25Q3 KDM5C`,0.000106106266068475,0.00145618397373374,0.00192369349150369
`Expression Public 25Q3 TRAF3`,0.000104205016734214,0.000728091986866869,0.000961846745751844
`Expression Public 25Q3 RHOB`,0.000103001454828975,0.00100284368002418,0.000961846745751844
`Omics Absolute CN Gene Public 24Q4 ELF3`,0.000102432326628965,0.000370914785762367,0.000320615581917281
`Omics Absolute CN Gene Public 24Q4 JAK3`,0.000102132725668671,0.000288489277815175,0.000320615581917281
`Expression Public 25Q3 XRCC1`,0.000101604861981159,0.00166224774360172,0.00224430907342097
`Expression Public 25Q3 HSPA1A`,0.000101288143768652,0.0007555671561826,0.000641231163834562
`Expression Public 25Q3 IL6`,0.000101111674217184,0.00144244638907587,0.00128246232766912
`Expression Public 25Q3 USP6`,9.60110436859957e-05,0.000741829571524735,0.000961846745751844
`Omics Absolute CN Gene Public 24Q4 FOS`,8.73111798127055e-05,0.000783042325498331,0.000961846745751844
`Omics Absolute CN Gene Public 24Q4 BRAF`,8.71546395166799e-05,0.000274751693157309,0.000320615581917281
`Expression Public 25Q3 BRIP1`,8.54477780800418e-05,0.00116769469591856,0.000961846745751844
`Expression Public 25Q3 PALB2`,8.50591657733548e-05,0.000590716140288215,0.000641231163834562
`Expression Public 25Q3 CCNT1`,8.47431342127989e-05,0.000261014108499444,0.000320615581917281
`Expression Public 25Q3 WT1`,8.2984079053439e-05,0.000343439616446636,0.000320615581917281
`Expression Public 25Q3 CRKL`,8.24466104130378e-05,0.00104405643399777,0.00128246232766912
`Expression Public 25Q3 PRKAR1A`,8.23631903753908e-05,0.000618191309603946,0.000641231163834562
`Expression Public 25Q3 FOXA1`,8.22270371027745e-05,0.00116769469591856,0.000961846745751844
`Omics Absolute CN Gene Public 24Q4 MSH3`,7.46283912962773e-05,0.000494553047683156,0.000320615581917281
`Expression Public 25Q3 RPSA`,7.4330719500989e-05,0.00179962359018037,0.00224430907342097
`Expression Public 25Q3 SUZ12`,7.40225190424484e-05,0.000947893341392716,0.000961846745751844
`Expression Public 25Q3 AGO1`,7.3618113740883e-05,0.00109900677262924,0.00128246232766912
`Expression Public 25Q3 JDP2`,7.16024551124609e-05,0.00145618397373374,0.00128246232766912
`Expression Public 25Q3 BCOR`,7.01288755018269e-05,0.00149739672770733,0.00160307790958641
`Omics Absolute CN Gene Public 24Q4 PLCG1`,7.00869570350896e-05,0.000783042325498331,0.000641231163834562
`Expression Public 25Q3 RUNX1`,6.56659811447757e-05,0.00144244638907587,0.00160307790958641
`Expression Public 25Q3 TET2`,6.40261949770168e-05,0.00122264503455003,0.00128246232766912
`Expression Public 25Q3 FGFR2`,6.12865190870135e-05,0.00245902765375792,0.00256492465533825
`Expression Public 25Q3 MAML1`,6.04995546426884e-05,0.000425865124393829,0.000641231163834562
`Expression Public 25Q3 HLA-C`,6.01212952490518e-05,0.00379157336557087,0.00384738698300737
`Expression Public 25Q3 SOX9`,5.86615385961504e-05,0.00166224774360172,0.00192369349150369
`Expression Public 25Q3 MLH1`,5.74070050451742e-05,0.00288489277815175,0.00352677140109009
`Expression Public 25Q3 AKT2`,5.65020672560846e-05,0.0011539571112607,0.00160307790958641
`Omics Absolute CN Gene Public 24Q4 GNAQ`,5.45252412478332e-05,0.0011539571112607,0.000961846745751844
`Expression Public 25Q3 MYCN`,5.4202408563189e-05,0.000673141648235407,0.000961846745751844
`Expression Public 25Q3 PRKCG`,5.42021020221393e-05,0.00118143228057643,0.000961846745751844
`Expression Public 25Q3 MMP9`,5.3389240989939e-05,0.00520654458533101,0.00545046489259378
`Expression Public 25Q3 MMP2`,5.28321700712157e-05,0.000975368510708447,0.00160307790958641
`Expression Public 25Q3 FOXO4`,5.14563361832828e-05,0.00159355982031239,0.00160307790958641
`Expression Public 25Q3 COL1A1`,5.03125743060112e-05,0.00163477257428599,0.00128246232766912
`Omics Absolute CN Gene Public 24Q4 GRB2`,4.69896448044298e-05,0.000467077878367426,0.000320615581917281
`Expression Public 25Q3 APCDD1`,4.68050457843255e-05,0.000851730248787658,0.00128246232766912
`Omics Absolute CN Gene Public 24Q4 TNFRSF1B`,4.57774629648745e-05,0.000233538939183713,0.000320615581917281
`Expression Public 25Q3 USP7`,4.53950427873906e-05,0.0007555671561826,0.000641231163834562
`Expression Public 25Q3 ETV6`,4.26724800623862e-05,0.00134628329647081,0.00128246232766912
`Expression Public 25Q3 TGFBR1`,4.21765129928948e-05,0.00162103498962812,0.00224430907342097
`Omics Absolute CN Gene Public 24Q4 PRDM1`,4.19799711334958e-05,0.00223922629923207,0.00192369349150369
`Expression Public 25Q3 TNFRSF14`,4.0666806497755e-05,0.00333823307186131,0.00320615581917281
`Omics Absolute CN Gene Public 24Q4 GNA13`,4.05834191578199e-05,0.000178588600552251,0.000320615581917281
`Expression Public 25Q3 MAPK10`,4.04293393646196e-05,0.000700616817551138,0.000961846745751844
`Expression Public 25Q3 DNMT1`,3.98197232227709e-05,0.00182709875949611,0.00160307790958641
`Omics Absolute CN Gene Public 24Q4 EXO1`,3.80113721754118e-05,0.000631928894261811,0.000641231163834562
`Expression Public 25Q3 TEC`,3.77921135806261e-05,0.00141497121976014,0.000961846745751844
`Omics Absolute CN Gene Public 24Q4 SHC1`,3.56640483929013e-05,0.000137375846578655,0.000320615581917281
`Expression Public 25Q3 RICTOR`,3.55213351418223e-05,0.000522028216998887,0.000641231163834562
`Expression Public 25Q3 UBE3A`,3.53411421384051e-05,0.000467077878367426,0.000961846745751844
`Expression Public 25Q3 CDK12`,3.43246765410217e-05,0.000728091986866869,0.00128246232766912
`Expression Public 25Q3 PLCB1`,3.25660546263453e-05,0.00282994243952028,0.00256492465533825
`Omics Absolute CN Gene Public 24Q4 APC2`,3.25065080056456e-05,0.00175841083620678,0.00128246232766912
`Expression Public 25Q3 TGFBR2`,3.2227984807926e-05,0.000412127539735964,0.000320615581917281
`Expression Public 25Q3 IGF1R`,3.1712766960516e-05,0.00179962359018037,0.00192369349150369
`Expression Public 25Q3 IGF1`,3.02399189611872e-05,0.00133254571181295,0.00320615581917281
`Expression Public 25Q3 TRAF2`,2.95695995170781e-05,0.000865467833445524,0.000961846745751844
`Expression Public 25Q3 JUN`,2.95405578180334e-05,0.0048905801382001,0.00384738698300737
`Expression Public 25Q3 ACVR2B`,2.91044009945444e-05,0.00196447460607476,0.00192369349150369
`Expression Public 25Q3 ATRX`,2.87957345936083e-05,0.000522028216998887,0.000641231163834562
`Expression Public 25Q3 STAT5A`,2.85209920688345e-05,0.000892943002761255,0.00128246232766912
`Expression Public 25Q3 SMAD2`,2.8364341418031e-05,0.000590716140288215,0.000641231163834562
`Expression Public 25Q3 NOTCH2`,2.75097642361862e-05,0.000947893341392716,0.000961846745751844
`Expression Public 25Q3 INPP4B`,2.73492205140521e-05,0.00123638261920789,0.00192369349150369
`Expression Public 25Q3 ERBB4`,2.69851049244468e-05,0.0011539571112607,0.000961846745751844
`Omics Absolute CN Gene Public 24Q4 KMT2E`,2.65457314635434e-05,0.000673141648235407,0.000641231163834562
`Expression Public 25Q3 CRTC1`,2.64625770948061e-05,0.00131880812715508,0.00160307790958641
`Omics Absolute CN Gene Public 24Q4 MET`,2.50317190884594e-05,0.000467077878367426,0.000641231163834562
`Expression Public 25Q3 SDHD`,2.49276443148864e-05,0.00244529006910005,0.00224430907342097
`Expression Public 25Q3 IGF2R`,2.44067820249487e-05,0.000357177201104502,0.000320615581917281
`Expression Public 25Q3 U2AF1`,2.25135599789743e-05,0.000522028216998887,0.000641231163834562
`Expression Public 25Q3 MPL`,2.21829697621666e-05,0.00126385778852362,0.00160307790958641
`Expression Public 25Q3 RHOH`,2.19153144664609e-05,0.000384652370420233,0.000320615581917281
`Expression Public 25Q3 ERG`,2.16624487545976e-05,0.00045334029370956,0.000641231163834562
`Expression Public 25Q3 YAP1`,2.14591568612851e-05,0.00245902765375792,0.00224430907342097
`Expression Public 25Q3 DDX5`,2.11482751903635e-05,0.000329702031788771,0.000641231163834562
`Expression Public 25Q3 FGFBP1`,2.09963473153318e-05,0.00420370090530683,0.00352677140109009
`Expression Public 25Q3 SOS1`,2.07702528551387e-05,0.00119516986523429,0.00128246232766912
`Expression Public 25Q3 TFEB`,2.05326753672255e-05,0.00122264503455003,0.000961846745751844
`Expression Public 25Q3 KIT`,2.02636467676172e-05,0.0026650914236259,0.00256492465533825
`Damaging Mutations PTEN`,1.95858702015734e-05,0.000989106095366313,0.000961846745751844
`Expression Public 25Q3 NFKB2`,1.95016572444113e-05,0.000879205418103389,0.00192369349150369
`Expression Public 25Q3 FGFR3`,1.93809495534838e-05,0.00234912697649499,0.00320615581917281
`Omics Absolute CN Gene Public 24Q4 HIP1`,1.9004750115701e-05,0.000535765801656753,0.000320615581917281
`Expression Public 25Q3 NOTCH3`,1.83333291674201e-05,0.00119516986523429,0.00256492465533825
`Expression Public 25Q3 MED13`,1.76440184834811e-05,0.000783042325498331,0.00128246232766912
`Expression Public 25Q3 PRKCB`,1.7581341056861e-05,0.000892943002761255,0.000961846745751844
`Expression Public 25Q3 CDK9`,1.62985301158574e-05,0.00090668058741912,0.000961846745751844
`Omics Absolute CN Gene Public 24Q4 FANCC`,1.59915844320134e-05,0.000398389955078098,0.000320615581917281
`Expression Public 25Q3 TCF7L1`,1.59336522608419e-05,0.00544008352451472,0.0051298493106765
`Expression Public 25Q3 TBL1XR1`,1.57739423303629e-05,0.000357177201104502,0.000641231163834562
`Expression Public 25Q3 CCND1`,1.57008649877313e-05,0.00157982223565453,0.00224430907342097
`Expression Public 25Q3 MEF2B`,1.56327106943572e-05,0.00318711964062479,0.00320615581917281
`Expression Public 25Q3 INPP4A`,1.54361453334778e-05,0.00245902765375792,0.00320615581917281
`Expression Public 25Q3 FRS2`,1.5367313584384e-05,0.000879205418103389,0.000961846745751844
`Expression Public 25Q3 SMAD7`,1.53001862035263e-05,0.00164851015894385,0.00128246232766912
`Omics Absolute CN Gene Public 24Q4 SMARCE1`,1.51269445293118e-05,0.00234912697649499,0.00160307790958641
`Expression Public 25Q3 DROSHA`,1.47660302500684e-05,0.00211558803731128,0.00192369349150369
`Omics Absolute CN Gene Public 24Q4 CXCR4`,1.44199372305761e-05,0.000467077878367426,0.000320615581917281
`Expression Public 25Q3 PTPRT`,1.42614647041342e-05,0.00160729740497026,0.00160307790958641
`Omics Absolute CN Gene Public 24Q4 CASP3`,1.42496138271544e-05,0.000137375846578655,0.000320615581917281
`Expression Public 25Q3 COL4A1`,1.39010582612297e-05,0.000631928894261811,0.000641231163834562
`Expression Public 25Q3 UBE4B`,1.31732889372007e-05,0.000728091986866869,0.000641231163834562
`Expression Public 25Q3 TIMP1`,1.29160356011133e-05,0.00129133295783935,0.000961846745751844
`Expression Public 25Q3 SETD1A`,1.2674867495705e-05,0.000425865124393829,0.000961846745751844
`Omics Absolute CN Gene Public 24Q4 ATF3`,1.25192631716844e-05,0.000439602709051695,0.000320615581917281
`Expression Public 25Q3 CREM`,1.23515770430933e-05,0.00247276523841578,0.00288554023725553
`Expression Public 25Q3 IL2RB`,1.23314270780957e-05,0.00138749605044441,0.00128246232766912
`Omics Absolute CN Gene Public 24Q4 PDGFRB`,1.13306482080268e-05,0.00045334029370956,0.000320615581917281
`Omics Absolute CN Gene Public 24Q4 ACVR2A`,1.09242381279967e-05,0.000384652370420233,0.000320615581917281
`Omics Absolute CN Gene Public 24Q4 RHOC`,1.06218813636661e-05,0.00116769469591856,0.000961846745751844
`Expression Public 25Q3 DNMT3B`,1.05885552425507e-05,0.000508290632341022,0.000961846745751844
`Omics Absolute CN Gene Public 24Q4 U2AF1`,1.05466848005779e-05,0.00118143228057643,0.000961846745751844
`Omics Absolute CN Gene Public 24Q4 TNFRSF1A`,1.04237516216298e-05,0.000673141648235407,0.000641231163834562
`Expression Public 25Q3 BAP1`,1.03286513481873e-05,0.000329702031788771,0.000320615581917281
`Expression Public 25Q3 SDHB`,1.02939457923485e-05,0.00162103498962812,0.00160307790958641
`Expression Public 25Q3 MSH6`,1.01381667399295e-05,0.00015111343123652,0.000320615581917281
`Omics Absolute CN Gene Public 24Q4 GNA11`,9.54948019914799e-06,0.000741829571524735,0.000641231163834562
`Omics Absolute CN Gene Public 24Q4 PPP2CA`,9.23512541813376e-06,0.000425865124393829,0.000320615581917281
`Expression Public 25Q3 CTNNBIP1`,9.20596621168675e-06,0.000618191309603946,0.000641231163834562
`Expression Public 25Q3 KMT2A`,9.17673956620881e-06,0.00304974379404613,0.00256492465533825
`Expression Public 25Q3 IDH2`,9.16181510430444e-06,0.00196447460607476,0.00192369349150369
`Expression Public 25Q3 CASP8`,9.11512583703097e-06,0.00197821219073263,0.00352677140109009
`Expression Public 25Q3 TIMP2`,8.97954477437404e-06,0.00119516986523429,0.00192369349150369
`Expression Public 25Q3 CDK7`,8.97826854180396e-06,0.00149739672770733,0.00128246232766912
`Expression Public 25Q3 NOTCH1`,8.79690659518404e-06,0.00173093566689105,0.00160307790958641
`Expression Public 25Q3 NTRK2`,8.75179805792331e-06,0.00131880812715508,0.00128246232766912
`Expression Public 25Q3 TP53`,8.47246967904655e-06,0.00201942494470622,0.00224430907342097
`Omics Absolute CN Gene Public 24Q4 RALGDS`,8.35023132647775e-06,0.000425865124393829,0.000320615581917281
`Expression Public 25Q3 CCR7`,7.7777883959176e-06,0.00103031884933991,0.00128246232766912
`Expression Public 25Q3 RPL35A`,7.7702423770785e-06,0.00170346049757532,0.00160307790958641
`Expression Public 25Q3 MSH2`,7.76418154962501e-06,0.00201942494470622,0.00224430907342097
`Expression Public 25Q3 TSC1`,7.43665316700171e-06,0.000947893341392716,0.000961846745751844
`Expression Public 25Q3 NTRK3`,7.27459002306479e-06,0.000370914785762367,0.000641231163834562
`Expression Public 25Q3 ABL1`,6.68680828928147e-06,0.000714354402209004,0.00128246232766912
`Expression Public 25Q3 UBR5`,6.65778140638756e-06,0.000123638261920789,0.000320615581917281
`Expression Public 25Q3 PTPN12`,6.35902445578345e-06,0.00045334029370956,0.000320615581917281
`Expression Public 25Q3 EP300`,6.32992655754638e-06,0.00015111343123652,0.000320615581917281
`Expression Public 25Q3 CCNE1`,6.32086571502022e-06,0.00104405643399777,0.00192369349150369
`Expression Public 25Q3 STAT5B`,5.93287313215529e-06,0.000357177201104502,0.000320615581917281
`Omics Absolute CN Gene Public 24Q4 MAP2K1`,5.41136404060289e-06,0.000631928894261811,0.000641231163834562
`Expression Public 25Q3 AKT1`,5.38539745918807e-06,0.00126385778852362,0.00160307790958641
`Omics Absolute CN Gene Public 24Q4 UBR5`,5.31279372247822e-06,0.000659404063577542,0.000641231163834562
`Omics Absolute CN Gene Public 24Q4 CCR7`,5.2857552691931e-06,0.000947893341392716,0.000641231163834562
`Omics Absolute CN Gene Public 24Q4 KMT2D`,5.23374649290455e-06,0.000370914785762367,0.000320615581917281
`Expression Public 25Q3 CBL`,5.23188425602787e-06,0.000398389955078098,0.000641231163834562
`Expression Public 25Q3 RB1`,5.19965759547728e-06,0.00060445372494608,0.000641231163834562
`Expression Public 25Q3 RHEB`,5.1277553268694e-06,0.000233538939183713,0.000641231163834562
`Omics Absolute CN Gene Public 24Q4 CD274`,4.80149040427244e-06,0.000315964447130905,0.000320615581917281
`Expression Public 25Q3 DDX17`,4.75626640321633e-06,0.000398389955078098,0.000641231163834562
`Expression Public 25Q3 GNAQ`,4.72453225195219e-06,0.00104405643399777,0.000961846745751844
`Expression Public 25Q3 CCR5`,4.54223024611332e-06,0.00179962359018037,0.00224430907342097
`Omics Absolute CN Gene Public 24Q4 TNFRSF14`,4.53629305688318e-06,0.00170346049757532,0.00128246232766912
`Expression Public 25Q3 HSP90AA1`,4.36426375252012e-06,0.000741829571524735,0.00192369349150369
`Expression Public 25Q3 TERT`,4.26207650546036e-06,0.000796779910156196,0.00128246232766912
`Expression Public 25Q3 TCF4`,4.20056367937802e-06,0.000934155756734851,0.000961846745751844
`Expression Public 25Q3 ERBB3`,4.1951315165272e-06,0.000590716140288215,0.000961846745751844
`Omics Absolute CN Gene Public 24Q4 PLCG2`,4.04811161915139e-06,0.000123638261920789,0.000320615581917281
`Omics Absolute CN Gene Public 24Q4 PRDM6`,4.01730833087471e-06,0.000329702031788771,0.000320615581917281
`Expression Public 25Q3 XRCC3`,3.95796453816959e-06,0.00125012020386576,0.00128246232766912
`Expression Public 25Q3 FOS`,3.87503343349674e-06,0.00104405643399777,0.000961846745751844
`Omics Absolute CN Gene Public 24Q4 VEGFA`,3.85122592287502e-06,0.000247276523841578,0.000320615581917281
`Expression Public 25Q3 ANGPT2`,3.84514644750767e-06,0.0011539571112607,0.00160307790958641
`Omics Absolute CN Gene Public 24Q4 COL1A1`,3.71334171513166e-06,0.000618191309603946,0.000641231163834562
`Expression Public 25Q3 CCNT2`,3.52791324603715e-06,0.00100284368002418,0.00128246232766912
`Omics Absolute CN Gene Public 24Q4 IL7R`,3.49236700136963e-06,0.000467077878367426,0.000641231163834562
`Expression Public 25Q3 CREB1`,3.40026316668751e-06,0.000398389955078098,0.000641231163834562
`Omics Absolute CN Gene Public 24Q4 CD28`,3.39210866386484e-06,0.000370914785762367,0.000320615581917281
`Omics Absolute CN Gene Public 24Q4 DICER1`,3.38734399414965e-06,0.000261014108499444,0.000320615581917281
`Omics Absolute CN Gene Public 24Q4 STAT5B`,3.38703821945262e-06,0.00060445372494608,0.000320615581917281
`Expression Public 25Q3 LEF1`,3.35726184369229e-06,0.000494553047683156,0.000641231163834562
`Omics Absolute CN Gene Public 24Q4 ETV7`,3.34550650533964e-06,0.000824255079471927,0.000641231163834562
`Omics Absolute CN Gene Public 24Q4 FOXA1`,3.28934716323872e-06,0.000398389955078098,0.000320615581917281
`Expression Public 25Q3 HIP1`,3.21636152747117e-06,0.000233538939183713,0.000320615581917281
`Expression Public 25Q3 PIK3C3`,3.14073580691343e-06,0.000961630926050582,0.00160307790958641
`Expression Public 25Q3 NRAS`,3.0638946510938e-06,0.0011539571112607,0.00128246232766912
`Expression Public 25Q3 SMARCB1`,3.03023184572556e-06,0.000233538939183713,0.000320615581917281
`Omics Absolute CN Gene Public 24Q4 CXCL8`,2.99870614237519e-06,0.000247276523841578,0.000320615581917281
`Omics Absolute CN Gene Public 24Q4 TGFBR2`,2.8078784635927e-06,0.000673141648235407,0.000641231163834562
`Omics Absolute CN Gene Public 24Q4 ABL2`,2.80124976884471e-06,0.000439602709051695,0.000320615581917281
`Expression Public 25Q3 PLCB2`,2.47574941071577e-06,0.00196447460607476,0.00224430907342097
`Omics Absolute CN Gene Public 24Q4 DAXX`,2.37833909501319e-06,0.000769304740840465,0.000641231163834562
`Expression Public 25Q3 FLI1`,2.34026822935086e-06,0.000164851015894385,0.000320615581917281
`Expression Public 25Q3 DICER1`,2.31232624632186e-06,0.00125012020386576,0.000961846745751844
`Expression Public 25Q3 LYN`,2.27176652278718e-06,0.000673141648235407,0.000961846745751844
`Expression Public 25Q3 BMP4`,2.24930012925772e-06,0.000329702031788771,0.000320615581917281
`Omics Absolute CN Gene Public 24Q4 TSC1`,2.1142094045548e-06,0.000673141648235407,0.000641231163834562
`Expression Public 25Q3 TNFRSF1A`,1.91465105350172e-06,0.000892943002761255,0.00128246232766912
`Omics Absolute CN Gene Public 24Q4 SMARCA4`,1.86790584248669e-06,0.000233538939183713,0.000320615581917281
`Expression Public 25Q3 PPP2CA`,1.86429683252871e-06,0.000164851015894385,0.000320615581917281
`Expression Public 25Q3 PDCD1LG2`,1.82897717278706e-06,0.00045334029370956,0.000320615581917281
`Omics Absolute CN Gene Public 24Q4 HIF1A`,1.76664741480739e-06,0.000796779910156196,0.000641231163834562
`Expression Public 25Q3 NOTCH4`,1.76208978802615e-06,0.000645666478919676,0.000641231163834562
`Expression Public 25Q3 MYCL`,1.71348502236862e-06,0.000288489277815175,0.000641231163834562
`Omics Absolute CN Gene Public 24Q4 GNAS`,1.68435889680989e-06,0.000645666478919676,0.000641231163834562
`Omics Absolute CN Gene Public 24Q4 CDK6`,1.65956036451971e-06,0.000934155756734851,0.000641231163834562
`Omics Absolute CN Gene Public 24Q4 MEF2B`,1.64443550140412e-06,0.000741829571524735,0.000641231163834562
`Expression Public 25Q3 MAPK3`,1.64007444407098e-06,0.000522028216998887,0.000641231163834562
`Expression Public 25Q3 EPOR`,1.62660554125074e-06,0.00196447460607476,0.00224430907342097
`Expression Public 25Q3 SPTB`,1.5775962691331e-06,0.00060445372494608,0.00160307790958641
`Expression Public 25Q3 CXCL12`,1.54433081760048e-06,0.00149739672770733,0.00128246232766912
`Omics Absolute CN Gene Public 24Q4 IL2RB`,1.48990598693887e-06,0.000425865124393829,0.000320615581917281
`Omics Absolute CN Gene Public 24Q4 ETV1`,1.48078702933872e-06,0.000384652370420233,0.000320615581917281
`Expression Public 25Q3 ANGPT1`,1.45545000660464e-06,0.000398389955078098,0.000320615581917281
`Omics Absolute CN Gene Public 24Q4 PPP2CB`,1.45331724725164e-06,0.00015111343123652,0.000320615581917281
`Expression Public 25Q3 SPOP`,1.44050127686717e-06,0.000178588600552251,0.000320615581917281
`Expression Public 25Q3 CHEK1`,1.43093464160908e-06,0.000384652370420233,0.000320615581917281
`Expression Public 25Q3 MTOR`,1.42632950096515e-06,0.00060445372494608,0.000641231163834562
`Expression Public 25Q3 PTPRD`,1.39605205831407e-06,0.000865467833445524,0.000961846745751844
`Expression Public 25Q3 ARID2`,1.34509612280566e-06,0.00116769469591856,0.00128246232766912
`Omics Absolute CN Gene Public 24Q4 MSH6`,1.25380577143407e-06,0.000357177201104502,0.000320615581917281
`Omics Absolute CN Gene Public 24Q4 ALK`,1.25053446753247e-06,0.000563240970972484,0.000320615581917281
`Expression Public 25Q3 PIK3C2B`,1.23294565300481e-06,0.000508290632341022,0.000641231163834562
`Expression Public 25Q3 PIKFYVE`,1.21574959419704e-06,0.000329702031788771,0.000641231163834562
`Expression Public 25Q3 APC`,1.18233163849221e-06,0.000439602709051695,0.000320615581917281
`Expression Public 25Q3 ETS1`,1.120151830176e-06,0.000522028216998887,0.000641231163834562
`Expression Public 25Q3 HRAS`,1.09012677298914e-06,0.0011127443572871,0.000961846745751844
`Expression Public 25Q3 KDM6B`,1.08680335710909e-06,0.000247276523841578,0.000320615581917281
`Expression Public 25Q3 CD28`,1.06572074096796e-06,0.000467077878367426,0.000641231163834562
`Expression Public 25Q3 RPL22`,1.01951542537663e-06,0.000261014108499444,0.000320615581917281
`Expression Public 25Q3 BMP2`,1.01648750229591e-06,0.000329702031788771,0.000320615581917281
`Expression Public 25Q3 CTLA4`,9.81626696187972e-07,0.000288489277815175,0.000320615581917281
`Expression Public 25Q3 NFKB1`,9.67418135359991e-07,0.00233538939183713,0.00256492465533825
`Omics Absolute CN Gene Public 24Q4 DNMT3B`,9.4506120253034e-07,0.000384652370420233,0.000320615581917281
`Expression Public 25Q3 IL2RA`,9.38570004215667e-07,0.000576978555630349,0.000641231163834562
`Expression Public 25Q3 ARID1A`,9.18747591102223e-07,0.00101658126468204,0.000961846745751844
`Expression Public 25Q3 VHL`,9.16698747361568e-07,0.000590716140288215,0.000641231163834562
`Omics Absolute CN Gene Public 24Q4 PRKCG`,8.97339658272139e-07,0.000164851015894385,0.000320615581917281
`Expression Public 25Q3 FBXW7`,8.67980753103821e-07,0.000851730248787658,0.000961846745751844
`Omics Absolute CN Gene Public 24Q4 CXCL12`,8.50287650756567e-07,0.000398389955078098,0.000320615581917281
`Expression Public 25Q3 BLK`,8.45004671216578e-07,0.000783042325498331,0.000961846745751844
`Expression Public 25Q3 E2F1`,8.44715884002713e-07,0.00120890744989216,0.00128246232766912
`Expression Public 25Q3 SYK`,8.38039164490277e-07,0.000892943002761255,0.00128246232766912
`Expression Public 25Q3 AXIN2`,8.10404999765319e-07,0.000261014108499444,0.000320615581917281
`Omics Absolute CN Gene Public 24Q4 EPOR`,7.95155540485591e-07,0.000206063769867982,0.000320615581917281
`Expression Public 25Q3 IRS2`,7.7135186162699e-07,0.000315964447130905,0.000320615581917281
`Omics Absolute CN Gene Public 24Q4 CREM`,7.63419920378922e-07,0.000700616817551138,0.000641231163834562
`Expression Public 25Q3 FLT3`,7.57854348308779e-07,0.000370914785762367,0.000320615581917281
`Omics Absolute CN Gene Public 24Q4 CCND3`,7.44904713254115e-07,0.000192326185210116,0.000320615581917281
`Expression Public 25Q3 MDM4`,7.34122834322285e-07,0.000989106095366313,0.000961846745751844
`Expression Public 25Q3 SMAD4`,7.10473192341136e-07,0.00045334029370956,0.000320615581917281
`Omics Absolute CN Gene Public 24Q4 MAPK3`,7.08558396446989e-07,0.000522028216998887,0.000320615581917281
`Expression Public 25Q3 HLA-B`,6.99523035145587e-07,0.000178588600552251,0.000320615581917281
`Expression Public 25Q3 LIFR`,6.93743522967871e-07,0.000164851015894385,0.000320615581917281
`Omics Absolute CN Gene Public 24Q4 MAPK8`,6.68827802588915e-07,0.000343439616446636,0.000320615581917281
`Omics Absolute CN Gene Public 24Q4 SOS2`,6.62642378971276e-07,0.000357177201104502,0.000320615581917281
`Expression Public 25Q3 PTPN11`,6.32088730061914e-07,0.00100284368002418,0.000961846745751844
`Expression Public 25Q3 USP44`,6.22267154830857e-07,0.000700616817551138,0.000641231163834562
`Expression Public 25Q3 COL1A2`,6.20236128788714e-07,0.00108526918797137,0.000961846745751844
`Omics Absolute CN Gene Public 24Q4 ANGPT2`,6.19837433836002e-07,0.000274751693157309,0.000320615581917281
`Expression Public 25Q3 TRAF6`,5.92975369379871e-07,0.00125012020386576,0.00128246232766912
`Omics Absolute CN Gene Public 24Q4 ACVR1`,5.92356858949466e-07,0.000206063769867982,0.000320615581917281
`Omics Absolute CN Gene Public 24Q4 FGFR2`,5.80976458618178e-07,0.000398389955078098,0.000320615581917281
`Expression Public 25Q3 NFE2L2`,5.58372504792677e-07,0.000522028216998887,0.000641231163834562
`Omics Absolute CN Gene Public 24Q4 CD40`,4.93465087830328e-07,0.000425865124393829,0.000320615581917281
`Omics Absolute CN Gene Public 24Q4 TCF7L1`,4.80677791806545e-07,0.000425865124393829,0.000320615581917281
`Expression Public 25Q3 HSPA8`,4.67089976604123e-07,0.00104405643399777,0.00128246232766912
`Omics Absolute CN Gene Public 24Q4 TRAF6`,4.54784939900443e-07,0.000439602709051695,0.000320615581917281
`Expression Public 25Q3 RAD54L`,4.27362607813342e-07,0.00131880812715508,0.00160307790958641
`Expression Public 25Q3 PLCG2`,4.15448442879336e-07,0.000425865124393829,0.000641231163834562
`Omics Absolute CN Gene Public 24Q4 PTPRT`,4.03837721653133e-07,0.000343439616446636,0.000320615581917281
`Omics Absolute CN Gene Public 24Q4 ACVR2B`,4.02894373504169e-07,0.000178588600552251,0.000320615581917281
`Expression Public 25Q3 TEAD4`,3.89814139189806e-07,0.000645666478919676,0.000641231163834562
`Expression Public 25Q3 COL2A1`,3.52998686851265e-07,0.00130507054249722,0.000961846745751844
`Expression Public 25Q3 MAP2K2`,3.51331837962388e-07,0.000109900677262924,0.000320615581917281
`Expression Public 25Q3 CCND3`,3.26469187502653e-07,0.00030222686247304,0.000641231163834562
`Expression Public 25Q3 CDK8`,3.2549001236851e-07,0.00138749605044441,0.00128246232766912
`Expression Public 25Q3 LIF`,3.20834643696338e-07,0.00045334029370956,0.000961846745751844
`Expression Public 25Q3 ATM`,3.16359335959481e-07,0.000673141648235407,0.000641231163834562
`Expression Public 25Q3 HSPG2`,3.15378308806496e-07,0.000288489277815175,0.000641231163834562
`Expression Public 25Q3 SETD2`,3.05885051812167e-07,0.000398389955078098,0.000320615581917281
`Expression Public 25Q3 MAX`,2.92498308379506e-07,0.000824255079471927,0.000641231163834562
`Expression Public 25Q3 AXIN1`,2.72744356100485e-07,0.000315964447130905,0.000641231163834562
`Expression Public 25Q3 MAFG`,2.55394452003411e-07,0.000164851015894385,0.000320615581917281
`Omics Absolute CN Gene Public 24Q4 RELB`,2.47446449281595e-07,0.000480815463025291,0.000961846745751844
`Expression Public 25Q3 MED12`,2.39875779433093e-07,0.00148365914304947,0.00160307790958641
`Omics Absolute CN Gene Public 24Q4 COL4A2`,2.35093755024101e-07,0.000137375846578655,0.000320615581917281
`Expression Public 25Q3 AGO3`,2.15560113158843e-07,0.000673141648235407,0.000641231163834562
`Expression Public 25Q3 CDK4`,2.11714284274324e-07,0.000206063769867982,0.000320615581917281
`Omics Absolute CN Gene Public 24Q4 YES1`,2.02996943346264e-07,0.000206063769867982,0.000320615581917281
`Expression Public 25Q3 MITF`,2.02631009968234e-07,0.00119516986523429,0.000961846745751844
`Omics Absolute CN Gene Public 24Q4 MMP2`,1.99826319020656e-07,0.000329702031788771,0.000320615581917281
`Expression Public 25Q3 CXCR4`,1.89548173248085e-07,0.000137375846578655,0.000320615581917281
`Expression Public 25Q3 CDKN2A`,1.89018304271207e-07,0.000357177201104502,0.000641231163834562
`Expression Public 25Q3 JAK1`,1.88183538709676e-07,0.000714354402209004,0.000961846745751844
`Expression Public 25Q3 DGCR8`,1.87267475907267e-07,0.00109900677262924,0.000961846745751844
`Expression Public 25Q3 GATA3`,1.81984320744802e-07,0.000425865124393829,0.000320615581917281
`Expression Public 25Q3 ZRSR2`,1.81661861912513e-07,0.000810517494814062,0.000961846745751844
`Expression Public 25Q3 ELF3`,1.65266976876242e-07,0.000123638261920789,0.000320615581917281
`Expression Public 25Q3 FANCG`,1.63562975850773e-07,0.000343439616446636,0.000320615581917281
`Expression Public 25Q3 HIP1R`,1.52231446464954e-07,0.00060445372494608,0.000641231163834562
`Expression Public 25Q3 MDM2`,1.49710146331514e-07,0.000535765801656753,0.000641231163834562
`Expression Public 25Q3 AGO4`,1.44520023184484e-07,0.000728091986866869,0.000961846745751844
`Expression Public 25Q3 BIRC2`,1.43548351919786e-07,0.000370914785762367,0.000320615581917281
`Expression Public 25Q3 BMPR1A`,1.34723450207791e-07,0.000714354402209004,0.000961846745751844
`Expression Public 25Q3 BCL9`,1.33165750687975e-07,0.000576978555630349,0.000641231163834562
`Expression Public 25Q3 EXO1`,1.30462753137054e-07,0.00101658126468204,0.000961846745751844
`Expression Public 25Q3 EGFR`,1.15727141274656e-07,0.000343439616446636,0.000320615581917281
`Expression Public 25Q3 DAXX`,1.1483900244599e-07,0.000783042325498331,0.000641231163834562
`Expression Public 25Q3 PIK3R1`,1.12553363727314e-07,0.000563240970972484,0.000641231163834562
`Expression Public 25Q3 IL7R`,1.11989088710747e-07,0.000357177201104502,0.000320615581917281
`Omics Absolute CN Gene Public 24Q4 NBN`,9.42045988130637e-08,0.000357177201104502,0.000320615581917281
`Expression Public 25Q3 NF1`,9.28210130128867e-08,0.000714354402209004,0.000641231163834562
`Expression Public 25Q3 GNA13`,8.99945688267587e-08,0.000425865124393829,0.000320615581917281
`Expression Public 25Q3 KRAS`,8.84062311676574e-08,0.000576978555630349,0.000641231163834562
`Expression Public 25Q3 RET`,8.83299631158752e-08,0.000329702031788771,0.000320615581917281
`Omics Absolute CN Gene Public 24Q4 SETD2`,8.26683095854805e-08,0.000315964447130905,0.000320615581917281
`Expression Public 25Q3 TEAD1`,8.22610570284656e-08,0.00015111343123652,0.000320615581917281
`Omics Absolute CN Gene Public 24Q4 PLCB1`,7.86294795822738e-08,0.000178588600552251,0.000320615581917281
`Expression Public 25Q3 FOSL1`,7.54040530611998e-08,0.00045334029370956,0.000320615581917281
`Expression Public 25Q3 CCND2`,7.36573438426148e-08,0.000783042325498331,0.000641231163834562
`Damaging Mutations NF1`,6.99210554863092e-08,0.000288489277815175,0.000320615581917281
`Expression Public 25Q3 RALGDS`,5.97780512093025e-08,0.000783042325498331,0.000961846745751844
`Expression Public 25Q3 CALR`,5.78765108207005e-08,0.000329702031788771,0.000320615581917281
`Expression Public 25Q3 RPL5`,5.60272181188177e-08,0.000961630926050582,0.000961846745751844
`Omics Absolute CN Gene Public 24Q4 E2F3`,4.82898466174645e-08,0.000357177201104502,0.000320615581917281
`Omics Absolute CN Gene Public 24Q4 FOXO1`,4.74496168020667e-08,0.000137375846578655,0.000320615581917281
`Omics Absolute CN Gene Public 24Q4 XRCC1`,4.63828938634546e-08,0.00030222686247304,0.000320615581917281
`Expression Public 25Q3 RPTOR`,4.50687907012001e-08,0.00107153160331351,0.00128246232766912
`Expression Public 25Q3 FANCC`,3.84754719079392e-08,0.000288489277815175,0.000320615581917281
`Omics Absolute CN Gene Public 24Q4 MDM2`,3.52941146541735e-08,0.000219801354525847,0.000320615581917281
`Expression Public 25Q3 PRKCE`,3.46555752786233e-08,0.000370914785762367,0.000320615581917281
`Omics Absolute CN Gene Public 24Q4 ATM`,3.09754940975949e-08,0.000178588600552251,0.000320615581917281
`Omics Absolute CN Gene Public 24Q4 CTNNB1`,3.06838490270683e-08,0.000178588600552251,0.000320615581917281
`Omics Absolute CN Gene Public 24Q4 PTEN`,2.60961229482368e-08,0.000288489277815175,0.000320615581917281
`Expression Public 25Q3 SHC2`,2.49165665599789e-08,0.000164851015894385,0.000320615581917281
`Omics Absolute CN Gene Public 24Q4 MAML1`,2.21707410733431e-08,0.000329702031788771,0.000320615581917281
`Expression Public 25Q3 MAPK1`,2.13470477106633e-08,0.000315964447130905,0.000320615581917281
`Expression Public 25Q3 XIAP`,2.07699043562829e-08,0.000247276523841578,0.000320615581917281
`Omics Absolute CN Gene Public 24Q4 SRC`,1.82221051860105e-08,0.000315964447130905,0.000320615581917281
`Omics Absolute CN Gene Public 24Q4 SDHA`,1.81455317906046e-08,0.000247276523841578,0.000320615581917281
`Omics Absolute CN Gene Public 24Q4 FOSL2`,1.69457768218545e-08,0.000219801354525847,0.000320615581917281
`Expression Public 25Q3 CHEK2`,1.68091545095009e-08,0.000247276523841578,0.000320615581917281
`Omics Absolute CN Gene Public 24Q4 IL6R`,1.66563420001072e-08,0.000370914785762367,0.000320615581917281
`Omics Absolute CN Gene Public 24Q4 IL10`,1.59393792060193e-08,0.000261014108499444,0.000320615581917281
`Omics Absolute CN Gene Public 24Q4 FLI1`,1.55596255365255e-08,0.00030222686247304,0.000320615581917281
`Omics Absolute CN Gene Public 24Q4 AGO1`,1.37687961600282e-08,0.000329702031788771,0.000320615581917281
`Omics Absolute CN Gene Public 24Q4 TEAD1`,1.28938110556995e-08,0.000247276523841578,0.000320615581917281
`Omics Absolute CN Gene Public 24Q4 JDP2`,1.19394296242282e-08,0.000219801354525847,0.000320615581917281
`Omics Absolute CN Gene Public 24Q4 FH`,1.1770932830269e-08,0.000219801354525847,0.000320615581917281
`Expression Public 25Q3 SS18`,1.15355787548379e-08,0.000357177201104502,0.000320615581917281
`Omics Absolute CN Gene Public 24Q4 CCND2`,1.14271448477961e-08,0.000439602709051695,0.000320615581917281
`Omics Absolute CN Gene Public 24Q4 TRAF3`,1.12713228077847e-08,0.000247276523841578,0.000320615581917281
`Omics Absolute CN Gene Public 24Q4 RPL22`,1.09399651047896e-08,0.000247276523841578,0.000320615581917281
`Omics Absolute CN Gene Public 24Q4 MAP2K2`,1.05559815280383e-08,0.000274751693157309,0.000320615581917281
`Omics Absolute CN Gene Public 24Q4 MAML2`,1.0109733796285e-08,0.000206063769867982,0.000320615581917281
`Expression Public 25Q3 CD274`,1.0056466301777e-08,0.000329702031788771,0.000320615581917281
`Omics Absolute CN Gene Public 24Q4 KDM5B`,9.00976532332561e-09,0.000247276523841578,0.000320615581917281
